Workbook

Sheet Danh sách
A1: STT | B1: Mã nhóm | C1: Tên nhóm | D1: Tên skill | E1: Định dạng mặc định | F1: Đã thử nghiệm | G1: Độ dài mô tả (ký tự) | H1: Mô tả bắt đầu bằng "Dùng khi" | I1: Mô tả có cụm "Dùng khi" | J1: Số từ SKILL.md | K1: Số ký tự SKILL.md | L1: Ký tự nạp mỗi lần (SKILL.md + 3 tham chiếu) | M1: Dòng bắt đầu mục "Khi nào dùng" | N1: Số bước | O1: Số dấu ⏱ | P1: Số điểm rẽ nhánh trong lưu đồ | Q1: Số lượt từ tiếng Anh | R1: Mô tả (nguyên văn)
A2: 1 | B2: cntt | C2: Hạ tầng CNTT, an toàn thông tin, chuyển đổi số | D2: vnuis-cntt-bao-cao-chuyen-doi-so | E2: docx | F2: Không | G2: 326 | H2: Không | I2: Có | J2: 2246 | K2: 11319 | L2: 37988 | M2: 41 | N2: 4 | O2: 5 | P2: 1 | Q2: 3 | R2: Soạn báo cáo hiện trạng và kết quả chuyển đổi số của VNU-IS: hạ tầng số, số hóa quy trình, dữ liệu, nhân lực số. Dùng cuối năm hoặc khi báo cáo cơ quan quản lý về tiến độ chuyển đổi số. Dùng khi cần báo cáo Ban Giám hiệu hoặc cơ quan quản lý về tiến độ chuyển đổi số của trường. Bản riêng cho Trường Quốc tế – ĐHQGHN (VNU-IS).
A3: 2 | B3: cntt | C3: Hạ tầng CNTT, an toàn thông tin, chuyển đổi số | D3: vnuis-cntt-ke-hoach-phat-trien-cntt | E3: docx | F3: Không | G3: 284 | H3: Không | I3: Có | J3: 2563 | K3: 12759 | L3: 36466 | M3: 39 | N3: 7 | O3: 8 | P3: 0 | Q3: 3 | R3: Lập kế hoạch phát triển công nghệ thông tin của VNU-IS theo giai đoạn: hạ tầng mạng, hệ thống quản lý đào tạo (SIS), học trực tuyến (LMS), tuyển sinh trực tuyến, số hóa quy trình. Dùng khi xây dựng kế hoạch CNTT hằng năm hoặc trung hạn. Bản riêng cho Trường Quốc tế – ĐHQGHN (VNU-IS).
A4: 3 | B4: cntt | C4: Hạ tầng CNTT, an toàn thông tin, chuyển đổi số | D4: vnuis-cntt-phan-loai-yeu-cau-ho-tro | E4: docx | F4: Không | G4: 351 | H4: Không | I4: Có | J4: 2507 | K4: 12426 | L4: 35183 | M4: 40 | N4: 5 | O4: 6 | P4: 0 | Q4: 9 | R4: Hỗ trợ người dùng CNTT: phân loại phiếu yêu cầu hỗ trợ, đánh giá ưu tiên theo cam kết xử lý, dự thảo hướng xử lý an toàn từng bước, gợi ý hỏi đáp, báo cáo xu hướng sự cố. Dùng chung cho mọi đơn vị có bộ phận CNTT. Dùng khi tiếp nhận yêu cầu hỗ trợ CNTT cần phân loại nhanh và ưu tiên đúng cam kết xử lý. Bản riêng cho Trường Quốc tế – ĐHQGHN (VNU-IS).
A5: 4 | B5: cntt | C5: Hạ tầng CNTT, an toàn thông tin, chuyển đổi số | D5: vnuis-cntt-soan-quy-che-an-toan-thong-tin | E5: docx | F5: Không | G5: 226 | H5: Không | I5: Có | J5: 2297 | K5: 11405 | L5: 35406 | M5: 39 | N5: 4 | O5: 5 | P5: 1 | Q5: 3 | R5: Soạn quy chế an toàn thông tin mạng của VNU-IS: quản lý tài khoản, phân quyền, bảo vệ dữ liệu, sao lưu, ứng phó sự cố. Dùng khi ban hành mới hoặc rà soát quy chế ATTT của trường. Bản riêng cho Trường Quốc tế – ĐHQGHN (VNU-IS).
A6: 5 | B6: csvc | C6: Cơ sở vật chất – mua sắm, tài sản | D6: vnuis-csvc-ke-hoach-bao-tri | E6: docx | F6: Không | G6: 251 | H6: Không | I6: Có | J6: 2441 | K6: 12002 | L6: 35739 | M6: 39 | N6: 6 | O6: 7 | P6: 0 | Q6: 3 | R6: Lập kế hoạch bảo trì, sửa chữa cơ sở vật chất năm của VNU-IS (khảo sát hiện trạng, phân loại ưu tiên, dự toán, tiến độ). Dùng khi Phòng TC&QT (cơ sở vật chất) xây dựng kế hoạch duy tu, sửa chữa hằng năm. Bản riêng cho Trường Quốc tế – ĐHQGHN (VNU-IS).
A7: 6 | B7: csvc | C7: Cơ sở vật chất – mua sắm, tài sản | D7: vnuis-csvc-ke-hoach-mua-sam | E7: docx | F7: Không | G7: 293 | H7: Không | I7: Có | J7: 2920 | K7: 14366 | L7: 38259 | M7: 40 | N7: 6 | O7: 7 | P7: 0 | Q7: 3 | R7: Lập kế hoạch mua sắm trang thiết bị năm của VNU-IS (tổng hợp nhu cầu các đơn vị, phân loại hình thức lựa chọn nhà thầu, tiến độ theo quý). Dùng khi Phòng TC&QT (cơ sở vật chất) tổng hợp nhu cầu mua sắm hằng năm hoặc điều chỉnh, bổ sung kế hoạch. Bản riêng cho Trường Quốc tế – ĐHQGHN (VNU-IS).
A8: 7 | B8: csvc | C8: Cơ sở vật chất – mua sắm, tài sản | D8: vnuis-csvc-lap-bien-ban-kiem-ke-tai-san | E8: docx | F8: Không | G8: 253 | H8: Không | I8: Có | J8: 2694 | K8: 13129 | L8: 37622 | M8: 38 | N8: 6 | O8: 7 | P8: 1 | Q8: 3 | R8: Lập biên bản kiểm kê tài sản cố định cuối năm của VNU-IS (đối chiếu sổ sách – thực tế, ghi nhận chênh lệch, kiến nghị xử lý). Dùng khi Phòng TC&QT (cơ sở vật chất) tổ chức kiểm kê tài sản định kỳ hằng năm. Bản riêng cho Trường Quốc tế – ĐHQGHN (VNU-IS).
A9: 8 | B9: csvc | C9: Cơ sở vật chất – mua sắm, tài sản | D9: vnuis-csvc-lap-bien-ban-nghiem-thu-thiet-bi | E9: docx | F9: Không | G9: 296 | H9: Không | I9: Có | J9: 2421 | K9: 12166 | L9: 36487 | M9: 39 | N9: 6 | O9: 7 | P9: 1 | Q9: 3 | R9: Lập biên bản nghiệm thu, bàn giao trang thiết bị mua sắm (đối chiếu hợp đồng, kiểm tra số lượng – chủng loại – tình trạng – chạy thử, ghi nhận đạt/không đạt). Dùng khi Phòng TC&QT (cơ sở vật chất) cùng đơn vị sử dụng tiếp nhận thiết bị từ nhà thầu. Bản riêng cho Trường Quốc tế – ĐHQGHN (VNU-IS).
A10: 9 | B10: csvc | C10: Cơ sở vật chất – mua sắm, tài sản | D10: vnuis-csvc-soan-hop-dong-mua-sam | E10: docx | F10: Không | G10: 291 | H10: Không | I10: Có | J10: 3049 | K10: 14968 | L10: 38112 | M10: 40 | N10: 7 | O10: 8 | P10: 0 | Q10: 3 | R10: Soạn hợp đồng mua sắm trang thiết bị giữa trường đại học và nhà thầu trúng thầu (điều khoản giao hàng, nghiệm thu, thanh toán, bảo hành, phạt vi phạm). Dùng khi Phòng TC&QT (cơ sở vật chất) ký kết hợp đồng sau khi có kết quả lựa chọn nhà thầu. Bản riêng cho Trường Quốc tế – ĐHQGHN (VNU-IS).
A11: 10 | B11: ctsv | C11: Công tác sinh viên | D11: vnuis-ctsv-bao-cao-cong-tac-sinh-vien-nam | E11: docx | F11: Không | G11: 347 | H11: Không | I11: Có | J11: 2586 | K11: 13029 | L11: 39970 | M11: 41 | N11: 5 | O11: 6 | P11: 2 | Q11: 4 | R11: Soạn báo cáo tổng kết công tác sinh viên năm học đầy đủ các mảng (học bổng, rèn luyện, ký túc xá, phong trào, hỗ trợ việc làm, y tế – bảo hiểm) kèm số liệu, đánh giá ưu/khuyết điểm và phương hướng năm sau. Dùng khi Phòng Đào tạo (công tác sinh viên) lập báo cáo tổng kết năm học trình Ban Giám hiệu. Bản riêng cho Trường Quốc tế – ĐHQGHN (VNU-IS).
A12: 11 | B12: ctsv | C12: Công tác sinh viên | D12: vnuis-ctsv-ke-hoach-ngay-hoi-viec-lam | E12: docx | F12: Không | G12: 251 | H12: Không | I12: Có | J12: 2822 | K12: 14011 | L12: 37964 | M12: 39 | N12: 7 | O12: 8 | P12: 1 | Q12: 3 | R12: Lập kế hoạch Ngày hội việc làm / kết nối doanh nghiệp của VNU-IS. Dùng khi cần tổ chức gian hàng tuyển dụng, phỏng vấn thử, tọa đàm kỹ năng nghề nghiệp cho sinh viên năm cuối và sinh viên mới tốt nghiệp. Bản riêng cho Trường Quốc tế – ĐHQGHN (VNU-IS).
A13: 12 | B13: ctsv | C13: Công tác sinh viên | D13: vnuis-ctsv-ke-hoach-tuan-sinh-hoat-cong-dan | E13: docx | F13: Không | G13: 281 | H13: Không | I13: Có | J13: 2656 | K13: 13106 | L13: 37136 | M13: 39 | N13: 6 | O13: 7 | P13: 0 | Q13: 3 | R13: Lập kế hoạch Tuần sinh hoạt công dân cho sinh viên đầu khóa hoặc đầu năm học của VNU-IS. Dùng khi đầu năm học cần tổ chức cho sinh viên học tập nội quy, quy chế đào tạo, an ninh pháp luật, kỹ năng học đại học và sinh hoạt Đoàn – Hội. Bản riêng cho Trường Quốc tế – ĐHQGHN (VNU-IS).
... A168: 167 | B168: vp | C168: Văn phòng – văn bản, họp, lịch, báo cáo điều hành | D168: vnuis-vp-tom-tat-trinh-lanh-dao | E168: docx | F168: Không | G168: 350 | H168: Không | I168: Có | J168: 2653 | K168: 13204 | L168: 35951 | M168: 40 | N168: 6 | O168: 7 | P168: 0 | Q168: 6 | R168: Tóm tắt nhiều nguồn (báo cáo, tờ trình, bảng số liệu) thành bản tóm tắt cho lãnh đạo 1–2 trang kèm decision memo và bảng \"vấn đề cần quyết định\", giúp lãnh đạo nắm nhanh và ra quyết định. Dùng khi lãnh đạo cần nắm nhanh một vấn đề từ nhiều nguồn để ra quyết định (mọi cấp, mọi lĩnh vực trong trường). Bản riêng cho Trường Quốc tế – ĐHQGHN (VNU-IS).

Sheet Theo nhóm
A1: Mã nhóm | B1: Tên nhóm | C1: Số skill | D1: Số từ SKILL.md (TB) | E1: Ký tự nạp mỗi lần (TB) | F1: Số mô tả bắt đầu bằng "Dùng khi" | G1: Số mô tả không có cụm "Dùng khi" | H1: Số skill đã thử nghiệm
A2: cntt | B2: Hạ tầng CNTT, an toàn thông tin, chuyển đổi số | C2: =COUNTIF('Danh sách'!$B$2:$B$168,A2) -> 4 | D2: =AVERAGEIFS('Danh sách'!$J$2:$J$168,'Danh sách'!$B$2:$B$168,A2) -> 2403.25 | E2: =AVERAGEIFS('Danh sách'!$L$2:$L$168,'Danh sách'!$B$2:$B$168,A2) -> 36260.75 | F2: =COUNTIFS('Danh sách'!$B$2:$B$168,A2,'Danh sách'!$H$2:$H$168,"Có") -> 0 | G2: =COUNTIFS('Danh sách'!$B$2:$B$168,A2,'Danh sách'!$I$2:$I$168,"Không") -> 0 | H2: =COUNTIFS('Danh sách'!$B$2:$B$168,A2,'Danh sách'!$F$2:$F$168,"Có") -> 0
A3: csvc | B3: Cơ sở vật chất – mua sắm, tài sản | C3: =COUNTIF('Danh sách'!$B$2:$B$168,A3) -> 5 | D3: =AVERAGEIFS('Danh sách'!$J$2:$J$168,'Danh sách'!$B$2:$B$168,A3) -> 2705 | E3: =AVERAGEIFS('Danh sách'!$L$2:$L$168,'Danh sách'!$B$2:$B$168,A3) -> 37243.8 | F3: =COUNTIFS('Danh sách'!$B$2:$B$168,A3,'Danh sách'!$H$2:$H$168,"Có") -> 0 | G3: =COUNTIFS('Danh sách'!$B$2:$B$168,A3,'Danh sách'!$I$2:$I$168,"Không") -> 0 | H3: =COUNTIFS('Danh sách'!$B$2:$B$168,A3,'Danh sách'!$F$2:$F$168,"Có") -> 0
A4: ctsv | B4: Công tác sinh viên | C4: =COUNTIF('Danh sách'!$B$2:$B$168,A4) -> 10 | D4: =AVERAGEIFS('Danh sách'!$J$2:$J$168,'Danh sách'!$B$2:$B$168,A4) -> 2953.4 | E4: =AVERAGEIFS('Danh sách'!$L$2:$L$168,'Danh sách'!$B$2:$B$168,A4) -> 38851.3 | F4: =COUNTIFS('Danh sách'!$B$2:$B$168,A4,'Danh sách'!$H$2:$H$168,"Có") -> 0 | G4: =COUNTIFS('Danh sách'!$B$2:$B$168,A4,'Danh sách'!$I$2:$I$168,"Không") -> 0 | H4: =COUNTIFS('Danh sách'!$B$2:$B$168,A4,'Danh sách'!$F$2:$F$168,"Có") -> 0
A5: dbcl | B5: Đảm bảo chất lượng, kiểm định | C5: =COUNTIF('Danh sách'!$B$2:$B$168,A5) -> 4 | D5: =AVERAGEIFS('Danh sách'!$J$2:$J$168,'Danh sách'!$B$2:$B$168,A5) -> 3034 | E5: =AVERAGEIFS('Danh sách'!$L$2:$L$168,'Danh sách'!$B$2:$B$168,A5) -> 40406.5 | F5: =COUNTIFS('Danh sách'!$B$2:$B$168,A5,'Danh sách'!$H$2:$H$168,"Có") -> 0 | G5: =COUNTIFS('Danh sách'!$B$2:$B$168,A5,'Danh sách'!$I$2:$I$168,"Không") -> 0 | H5: =COUNTIFS('Danh sách'!$B$2:$B$168,A5,'Danh sách'!$F$2:$F$168,"Có") -> 0
A6: dc | B6: Dùng chung – dữ liệu, khảo sát, dự án, tri thức | C6: =COUNTIF('Danh sách'!$B$2:$B$168,A6) -> 9 | D6: =AVERAGEIFS('Danh sách'!$J$2:$J$168,'Danh sách'!$B$2:$B$168,A6) -> 2593.6667 | E6: =AVERAGEIFS('Danh sách'!$L$2:$L$168,'Danh sách'!$B$2:$B$168,A6) -> 35608.778 | F6: =COUNTIFS('Danh sách'!$B$2:$B$168,A6,'Danh sách'!$H$2:$H$168,"Có") -> 0 | G6: =COUNTIFS('Danh sách'!$B$2:$B$168,A6,'Danh sách'!$I$2:$I$168,"Không") -> 0 | H6: =COUNTIFS('Danh sách'!$B$2:$B$168,A6,'Danh sách'!$F$2:$F$168,"Có") -> 1
A7: dmst | B7: Viện ĐMST&CGCN – đổi mới sáng tạo, chuyển giao, đào tạo liên tục | C7: =COUNTIF('Danh sách'!$B$2:$B$168,A7) -> 10 | D7: =AVERAGEIFS('Danh sách'!$J$2:$J$168,'Danh sách'!$B$2:$B$168,A7) -> 2543.3 | E7: =AVERAGEIFS('Danh sách'!$L$2:$L$168,'Danh sách'!$B$2:$B$168,A7) -> 36796.9 | F7: =COUNTIFS('Danh sách'!$B$2:$B$168,A7,'Danh sách'!$H$2:$H$168,"Có") -> 0 | G7: =COUNTIFS('Danh sách'!$B$2:$B$168,A7,'Danh sách'!$I$2:$I$168,"Không") -> 1 | H7: =COUNTIFS('Danh sách'!$B$2:$B$168,A7,'Danh sách'!$F$2:$F$168,"Có") -> 0
A8: dt | B8: Đào tạo (đại học, chương trình, liên kết) | C8: =COUNTIF('Danh sách'!$B$2:$B$168,A8) -> 17 | D8: =AVERAGEIFS('Danh sách'!$J$2:$J$168,'Danh sách'!$B$2:$B$168,A8) -> 3030.5294 | E8: =AVERAGEIFS('Danh sách'!$L$2:$L$168,'Danh sách'!$B$2:$B$168,A8) -> 38836.882 | F8: =COUNTIFS('Danh sách'!$B$2:$B$168,A8,'Danh sách'!$H$2:$H$168,"Có") -> 0 | G8: =COUNTIFS('Danh sách'!$B$2:$B$168,A8,'Danh sách'!$I$2:$I$168,"Không") -> 0 | H8: =COUNTIFS('Danh sách'!$B$2:$B$168,A8,'Danh sách'!$F$2:$F$168,"Có") -> 0
A9: hd | B9: Hội đồng KH&ĐT | C9: =COUNTIF('Danh sách'!$B$2:$B$168,A9) -> 5 | D9: =AVERAGEIFS('Danh sách'!$J$2:$J$168,'Danh sách'!$B$2:$B$168,A9) -> 2267.6 | E9: =AVERAGEIFS('Danh sách'!$L$2:$L$168,'Danh sách'!$B$2:$B$168,A9) -> 34961.8 | F9: =COUNTIFS('Danh sách'!$B$2:$B$168,A9,'Danh sách'!$H$2:$H$168,"Có") -> 0 | G9: =COUNTIFS('Danh sách'!$B$2:$B$168,A9,'Danh sách'!$I$2:$I$168,"Không") -> 1 | H9: =COUNTIFS('Danh sách'!$B$2:$B$168,A9,'Danh sách'!$F$2:$F$168,"Có") -> 0
A10: htqt | B10: Hợp tác quốc tế | C10: =COUNTIF('Danh sách'!$B$2:$B$168,A10) -> 5 | D10: =AVERAGEIFS('Danh sách'!$J$2:$J$168,'Danh sách'!$B$2:$B$168,A10) -> 2241.2 | E10: =AVERAGEIFS('Danh sách'!$L$2:$L$168,'Danh sách'!$B$2:$B$168,A10) -> 36114.4 | F10: =COUNTIFS('Danh sách'!$B$2:$B$168,A10,'Danh sách'!$H$2:$H$168,"Có") -> 0 | G10: =COUNTIFS('Danh sách'!$B$2:$B$168,A10,'Danh sách'!$I$2:$I$168,"Không") -> 0 | H10: =COUNTIFS('Danh sách'!$B$2:$B$168,A10,'Danh sách'!$F$2:$F$168,"Có") -> 0
A11: khaothi | B11: Khảo thí | C11: =COUNTIF('Danh sách'!$B$2:$B$168,A11) -> 6 | D11: =AVERAGEIFS('Danh sách'!$J$2:$J$168,'Danh sách'!$B$2:$B$168,A11) -> 3133.6667 | E11: =AVERAGEIFS('Danh sách'!$L$2:$L$168,'Danh sách'!$B$2:$B$168,A11) -> 39720.333 | F11: =COUNTIFS('Danh sách'!$B$2:$B$168,A11,'Danh sách'!$H$2:$H$168,"Có") -> 0 | G11: =COUNTIFS('Danh sách'!$B$2:$B$168,A11,'Danh sách'!$I$2:$I$168,"Không") -> 0 | H11: =COUNTIFS('Danh sách'!$B$2:$B$168,A11,'Danh sách'!$F$2:$F$168,"Có") -> 0
A12: khcn | B12: Khoa học công nghệ, sở hữu trí tuệ | C12: =COUNTIF('Danh sách'!$B$2:$B$168,A12) -> 17 | D12: =AVERAGEIFS('Danh sách'!$J$2:$J$168,'Danh sách'!$B$2:$B$168,A12) -> 3104.8235 | E12: =AVERAGEIFS('Danh sách'!$L$2:$L$168,'Danh sách'!$B$2:$B$168,A12) -> 39464 | F12: =COUNTIFS('Danh sách'!$B$2:$B$168,A12,'Danh sách'!$H$2:$H$168,"Có") -> 0 | G12: =COUNTIFS('Danh sách'!$B$2:$B$168,A12,'Danh sách'!$I$2:$I$168,"Không") -> 2 | H12: =COUNTIFS('Danh sách'!$B$2:$B$168,A12,'Danh sách'!$F$2:$F$168,"Có") -> 0
A13: khoa | B13: Khoa, bộ môn | C13: =COUNTIF('Danh sách'!$B$2:$B$168,A13) -> 4 | D13: =AVERAGEIFS('Danh sách'!$J$2:$J$168,'Danh sách'!$B$2:$B$168,A13) -> 2756.75 | E13: =AVERAGEIFS('Danh sách'!$L$2:$L$168,'Danh sách'!$B$2:$B$168,A13) -> 38032.25 | F13: =COUNTIFS('Danh sách'!$B$2:$B$168,A13,'Danh sách'!$H$2:$H$168,"Có") -> 0 | G13: =COUNTIFS('Danh sách'!$B$2:$B$168,A13,'Danh sách'!$I$2:$I$168,"Không") -> 0 | H13: =COUNTIFS('Danh sách'!$B$2:$B$168,A13,'Danh sách'!$F$2:$F$168,"Có") -> 0
... A21: vp | B21: Văn phòng – văn bản, họp, lịch, báo cáo điều hành | C21: =COUNTIF('Danh sách'!$B$2:$B$168,A21) -> 17 | D21: =AVERAGEIFS('Danh sách'!$J$2:$J$168,'Danh sách'!$B$2:$B$168,A21) -> 2908.1176 | E21: =AVERAGEIFS('Danh sách'!$L$2:$L$168,'Danh sách'!$B$2:$B$168,A21) -> 38136.765 | F21: =COUNTIFS('Danh sách'!$B$2:$B$168,A21,'Danh sách'!$H$2:$H$168,"Có") -> 0 | G21: =COUNTIFS('Danh sách'!$B$2:$B$168,A21,'Danh sách'!$I$2:$I$168,"Không") -> 2 | H21: =COUNTIFS('Danh sách'!$B$2:$B$168,A21,'Danh sách'!$F$2:$F$168,"Có") -> 2
A22: Tổng / trung vị | C22: =SUM(C2:C21) -> 167 | D22: =MEDIAN('Danh sách'!$J$2:$J$168) -> 2874 | E22: =MEDIAN('Danh sách'!$L$2:$L$168) -> 38109 | F22: =SUM(F2:F21) -> 0 | G22: =SUM(G2:G21) -> 12 | H22: =SUM(H2:H21) -> 3
A23: Ghi chú: dòng cuối lấy tổng số skill và trung vị (median) toàn bộ 167 skill; các dòng nhóm là trung bình.

Sheet Phát hiện
A1: # | B1: Hạng mục | C1: Số liệu | D1: Mức | E1: Vì sao quan trọng (theo hướng dẫn writing-skills) | F1: Đề xuất
A2: 1 | B2: Mô tả skill (description) | C2: =COUNTIF('Danh sách'!$H$2:$H$168,"Có")&"/"&COUNTA('Danh sách'!$D$2:$D$168)&" mô tả bắt đầu bằng 'Dùng khi'; "&COUNTIF('Danh sách'!$I$2:$I$168,"Không")&"/"&COUNTA('Danh sách'!$D$2:$D$168)&" không có cụm này; 99/167 có dấu : liệt kê nội dung; 139/167 kết thúc bằng câu 'Bản riêng cho Trường Quốc tế – ĐHQGHN (VNU-IS)'" -> 0/167 mô tả bắt đầu bằng 'Dùng khi'; 12/167 không có cụm này; 99/167 có dấu : liệt kê nội dung; 139/167 kết thúc bằng câu 'Bản riêng cho Trường Quốc tế – ĐHQGHN (VNU-IS)' | D2: Cao | E2: Mô tả nên chỉ nêu tình huống kích hoạt, không tóm tắt skill làm gì; tóm tắt có thể khiến mô hình làm theo mô tả mà bỏ qua nội dung skill. Câu đuôi giống nhau ở mọi skill không giúp phân biệt skill. | F2: Viết lại 167 mô tả theo dạng "Dùng khi…" (tình huống, đơn vị, loại văn bản, từ khóa người dùng hay gõ); bỏ câu đuôi chung; bỏ liệt kê nội dung đầu ra.
A3: 2 | B3: Độ dài SKILL.md | C3: ="Trung vị "&TEXT(MEDIAN('Danh sách'!$J$2:$J$168),"#,##0")&" từ ("&TEXT(MEDIAN('Danh sách'!$K$2:$K$168),"#,##0")&" ký tự); nhỏ nhất "&TEXT(MIN('Danh sách'!$J$2:$J$168),"#,##0")&", lớn nhất "&TEXT(MAX('Danh sách'!$J$2:$J$168),"#,##0")&" từ; "&COUNTIF('Danh sách'!$J$2:$J$168,">500")&"/"&COUNTA('Danh sách'!$D$2:$D$168)&" vượt 500 từ" -> Trung vị 2,874 từ (14,259 ký tự); nhỏ nhất 1,709, lớn nhất 3,903 từ; 167/167 vượt 500 từ | D3: Cao | E3: Hướng dẫn đặt mục tiêu dưới 500 từ cho skill thường dùng. Từ tiếng Việt tính theo âm tiết nên chỉ so sánh tương đối, nhưng cả 167 skill đều vượt xa. | F3: Tách phần ít khi dùng (mẫu, bảng tra, căn cứ) sang file tham chiếu đọc khi cần; giữ SKILL.md ở khung quy trình + quy tắc cốt lõi.
A4: 3 | B4: Khối nạp mỗi lần chạy | C4: ="Trung vị "&TEXT(MEDIAN('Danh sách'!$L$2:$L$168),"#,##0")&" ký tự (SKILL.md + 3 tham chiếu), lớn nhất "&TEXT(MAX('Danh sách'!$L$2:$L$168),"#,##0")&", chưa tính dữ liệu người dùng; báo cáo thử nghiệm của gói ghi khoảng 97.000–112.000 ký tự gửi cho mô hình mỗi lượt chạy (gồm cả dữ liệu thử 28.000–34.000 ký tự và các bước tự kiểm tra)" -> Trung vị 38,109 ký tự (SKILL.md + 3 tham chiếu), lớn nhất 46,811, chưa tính dữ liệu người dùng; báo cáo thử nghiệm của gói ghi khoảng 97.000–112.000 ký tự gửi cho mô hình mỗi lượt chạy (gồm cả dữ liệu thử 28.000–34.000 ký tự và các bước tự kiểm tra) | D4: Cao | E4: Mô hình nhỏ (GLM/DeepSeek/Qwen Flash) nhạy với ngữ cảnh dài; chi phí lặp lại ở mọi lượt chạy. | F4: Dùng bản biên dịch gọn (runtime/compiled, trung vị khoảng 15.000 ký tự) làm bản chạy chính; chỉ nạp tham chiếu khi bước cần đến.
A5: 4 | B5: Vị trí mục "Khi nào dùng" | C5: ="Nằm ở dòng "&MEDIAN('Danh sách'!$M$2:$M$168)&" (trung vị), sau 4 khối chung về định dạng, quy cách, kiểm soát, human gate" -> Nằm ở dòng 40 (trung vị), sau 4 khối chung về định dạng, quy cách, kiểm soát, human gate | D5: Trung bình | E5: Mô hình đọc mô tả rồi mở skill; điều kiện dùng nằm sau nhiều khối chung làm loãng thông tin định tuyến. | F5: Đưa "Khi nào dùng" và "Khi nào KHÔNG dùng" lên đầu thân skill; dồn 4 khối chung xuống cuối hoặc sang tham chiếu.
A6: 5 | B6: Mục bắt buộc còn thiếu | C6: 0/167 có "Khi nào KHÔNG dùng"; 0/167 có "Lỗi thường gặp"; 0/167 có ví dụ làm mẫu (kiểm theo đầu dòng/tiêu đề) | D6: Cao | E6: Skill nhiều chức năng gần nhau cần ranh giới rõ; ví dụ giúp mô hình bám đúng hình dạng đầu ra. | F6: Thêm 3–5 dòng "Khi nào KHÔNG dùng" trỏ sang skill đúng; thêm một ví dụ đầu vào → đầu ra rút gọn cho nhóm skill ưu tiên.
A7: 6 | B7: Nội dung lặp giữa các skill | C7: 13% số từ nằm trong mục giống hệt ở ≥50 skill, 17,5% ở ≥10 skill; boi-canh-vnuis.md giống hệt ở 167 bản (9.612 ký tự); quy-tac-chung.md chỉ có 2 biến thể (117 + 48 bản) + 2 bản lẻ; khoảng 72% dòng của quy-cach-dau-ra.md xuất hiện ở ≥100 skill | D7: Trung bình | E7: Sửa một thông tin (ví dụ khi có đáp án C1) phải sửa 167 chỗ; dễ lệch phiên bản. Lưu ý: mỗi skill đóng gói độc lập nên có thể là chủ ý. | F7: Giữ một nguồn gốc duy nhất và dựng lại các bản bằng compile.py; hoặc tách bối cảnh VNU-IS thành một skill nền và các skill khác gọi theo tên (REQUIRED BACKGROUND).
A8: 7 | B8: Lưu đồ mermaid | C8: 167/167 skill có lưu đồ; 96 skill không có điểm rẽ nhánh, 64 skill có 1, 7 skill có 2; chiếm trung bình 3,8% dung lượng | D8: Thấp | E8: Hướng dẫn chỉ nên dùng lưu đồ cho quyết định không hiển nhiên; quy trình tuần tự nên là danh sách đánh số. Lưu đồ lặp lại các bước đã có. | F8: Giữ lưu đồ ở skill có rẽ nhánh thật; bỏ ở phần còn lại, hoặc tách ra file riêng cho người đọc.
A9: 8 | B9: Ước tính thời gian (⏱) | C9: ="Có "&SUM('Danh sách'!$O$2:$O$168)&" dấu ⏱ trong 167 skill; chính gói ghi là ước tính của bộ gốc, chưa đo tại VNU-IS" -> Có 1173 dấu ⏱ trong 167 skill; chính gói ghi là ước tính của bộ gốc, chưa đo tại VNU-IS | D9: Trung bình | E9: Con số chưa đo có thể bị mô hình trình bày như sự thật khi tư vấn cho người dùng. | F9: Bỏ khỏi thân skill hoặc chuyển sang tài liệu quản lý; chỉ đưa lại sau khi đo thực tế.
A10: 9 | B10: Kiểm thử | C10: ="Mới thử "&COUNTIF('Danh sách'!$F$2:$F$168,"Có")&"/"&COUNTA('Danh sách'!$D$2:$D$168)&" skill, bằng dữ liệu giả lập; người soạn gói đóng vai mô hình và biết trước đáp án; chưa có mô hình thật; chưa có lượt chạy không-skill để đối chứng (báo cáo ghi một trường hợp làm đúng nhờ suy luận chung, không nhờ skill)" -> Mới thử 3/167 skill, bằng dữ liệu giả lập; người soạn gói đóng vai mô hình và biết trước đáp án; chưa có mô hình thật; chưa có lượt chạy không-skill để đối chứng (báo cáo ghi một trường hợp làm đúng nhờ suy luận chung, không nhờ skill) | D10: Cao | E10: Nguyên tắc cốt lõi của writing-skills: chưa thấy mô hình sai khi không có skill thì chưa biết skill dạy đúng điều gì. | F10: Với mỗi skill ưu tiên: chạy một lượt không có skill để lấy mức nền, rồi chạy có skill, 5 lượt mỗi bên, trên mô hình thật; ghi lại chỗ sai nguyên văn.
A11: 10 | B11: Chồng chéo chức năng | C11: 16 cặp mô tả giống nhau từ 0,35 trở lên (xem sheet Cặp giống nhau); chỉ số đo theo tập từ, mang tính gợi ý | D11: Trung bình | E11: Hai skill gần nhau làm bộ chọn skill dễ chọn nhầm. | F11: Thêm "Khi nào KHÔNG dùng" vào từng skill trong cặp, nêu skill thay thế.
A12: 11 | B12: Từ tiếng Anh còn sót | C12: Human gate 433 lượt; Workflow 167; guardrails 57; tracker 35; risk 10; workplan 9; baseline 9; checklist 8; trong mô tả có 4 skill (tracker, risk, lessons learned, brand voice, calendar) | D12: Thấp | E12: Gói tự nêu đã thay thế từ tiếng Anh; người dùng không chuyên kỹ thuật sẽ khó hiểu. "Human gate" là cách gọi cố ý. | F12: Thay "tracker/risk/lessons learned/calendar" bằng từ tiếng Việt; chốt một cách gọi cho "Human gate" (ví dụ: bước người duyệt).
A13: 12 | B13: Trạng thái dự thảo | C13: 167/167 chưa chỉ định người phê duyệt nghiệp vụ; 165/167 ở trạng thái pháp lý "requires-applicability-and-fulltext-check"; 167/167 ghi chưa có dữ liệu khảo sát thực tế | D13: Thông tin | E13: Gói tự nêu rõ là bản chờ khảo sát; không phải lỗi, nhưng không nên coi là bản dùng chính thức. | F13: Cập nhật theo CAU_HOI_CAN_XAC_NHAN.md sau mỗi phiên khảo sát; chốt người phê duyệt trước khi bàn giao.
A14: 13 | B14: Điểm đã tốt | C14: Tên skill khớp tên thư mục 167/167, chỉ gồm a-z, 0-9, gạch nối; manifest khớp 167/167; phiên bản 0.4.2 thống nhất; 0 liên kết hỏng; 167/167 có agents/openai.yaml; mô tả dài 189–399 ký tự (dưới 500) | D14: Tốt | E14: Đạt các mục tên, frontmatter, độ dài mô tả trong checklist. | F14: Giữ nguyên.
B16: Nguồn số liệu: các cột công thức lấy từ sheet "Danh sách"; các số còn lại do script kiểm tra tự động đọc 167 file SKILL.md và thư mục references của gói v0.4.2 ngày 11/10/2026, đối chiếu tay một số skill mẫu. Mức độ ưu tiên là đánh giá của người kiểm tra.

Sheet Cặp giống nhau
A1: # | B1: Độ giống mô tả (0–1) | C1: Skill 1 | D1: Skill 2
A2: 1 | B2: 0.67 | C2: vnuis-dt-bao-cao-3-cong-khai | D2: vnuis-dt-tong-hop-so-lieu-3-cong-khai
A3: 2 | B3: 0.52 | C3: vnuis-nhansu-soan-quyet-dinh-khen-thuong-ky-luat-vien-chuc | D3: vnuis-vp-soan-quyet-dinh-hanh-chinh
A4: 3 | B4: 0.45 | C4: vnuis-sdh-soan-thong-bao-tuyen-sinh | D4: vnuis-ts-soan-thong-bao-tuyen-sinh-dai-hoc
A5: 4 | B5: 0.43 | C5: vnuis-dbcl-bao-cao-dam-bao-chat-luong-nam | D5: vnuis-khoa-bao-cao-tong-ket-nam-hoc
A6: 5 | B6: 0.39 | C6: vnuis-taichinh-bao-cao-cong-khai-tai-chinh | D6: vnuis-taichinh-bao-cao-tai-chinh
A7: 6 | B7: 0.38 | C7: vnuis-dt-ke-hoach-dao-tao-nam-hoc | D7: vnuis-vp-ke-hoach-nam-hoc-toan-truong
A8: 7 | B8: 0.38 | C8: vnuis-ctsv-soan-quyet-dinh-cap-hoc-bong | D8: vnuis-ctsv-soan-thong-bao-hoc-bong
A9: 8 | B9: 0.37 | C9: vnuis-khaothi-soan-quyet-dinh-phuc-khao | D9: vnuis-nhansu-soan-quyet-dinh-khen-thuong-ky-luat-vien-chuc
A10: 9 | B10: 0.37 | C10: vnuis-khaothi-soan-quyet-dinh-phan-cong-thi | D10: vnuis-khaothi-soan-quyet-dinh-phuc-khao
A11: 10 | B11: 0.36 | C11: vnuis-dt-bao-cao-dao-tao-dinh-ky | D11: vnuis-khoa-bao-cao-tong-ket-nam-hoc
A12: 11 | B12: 0.36 | C12: vnuis-ctsv-tong-hop-diem-ren-luyen | D12: vnuis-nhansu-tong-hop-danh-gia-vien-chuc
A13: 12 | B13: 0.35 | C13: vnuis-nhansu-ke-hoach-dao-tao-boi-duong-can-bo | D13: vnuis-nhansu-soan-quyet-dinh-cu-di-dao-tao
... A17: 16 | B17: 0.35 | C17: vnuis-ctsv-bao-cao-cong-tac-sinh-vien-nam | D17: vnuis-ctsv-tong-hop-diem-ren-luyen
B19: Chỉ số = số từ chung / số từ khác nhau trong hai mô tả (đã bỏ từ phổ biến). Chỉ là gợi ý để rà soát tay, không kết luận hai skill trùng.
